doi,titulo,ano,autores,periodico,citacoes
10.1201/9781003442509-15,Software for Explainable AI,2024.0,Sanghavi,"Explainable, Interpretable, and Transparent AI Systems",0
10.1016/j.giq.2021.101666,The perils and pitfalls of explainable AI: Strategies for explaining algorithmic decision-making,2022.0,de Bruijn; Warnier; Janssen,Government Information Quarterly,196
10.1007/978-3-031-46479-9_3,Malware Detection Using Explainable AI,2023.0,Pan; Mishra,Explainable AI for Cybersecurity,2
10.1007/978-3-031-46479-9_10,Hardware Acceleration of Explainable AI,2023.0,Pan; Mishra,Explainable AI for Cybersecurity,3
10.37099/mtu.dc.etdr/1678,INVESTIGATING COLLABORATIVE EXPLAINABLE AI (CXAI)/SOCIAL FORUM AS AN EXPLAINABLE AI (XAI) METHOD IN AUTONOMOUS DRIVING (AD),,Mamun,,1
10.1007/978-3-031-09974-8_1,Why Explainable AI? Why Fuzzy Explainable AI? What Is Fuzzy?,2022.0,Kreinovich,Studies in Computational Intelligence,0
10.1007/978-3-031-46479-9_4,Spectre and Meltdown Detection Using Explainable AI,2023.0,Pan; Mishra,Explainable AI for Cybersecurity,0
10.1007/978-3-030-68640-6_2,"Explainable AI: Needs, Opportunities, and Challenges",2021.0,Gianfagna; Di Cecco,Explainable AI with Python,2
10.1007/978-3-031-46479-9_11,Explainable AI Acceleration Using Tensor Processing Units,2023.0,Pan; Mishra,Explainable AI for Cybersecurity,0
10.4324/9781003255789-29,Electricity and alchemy: (un)explainable AI and (un)explainable literature,2024.0,Liveley,The Routledge Handbook of AI and Literature,0
10.59646/efaimltc12/133,Explainable AI: Demystifying the inner Workings of AI,2024.0,,,0
10.7717/peerj-cs.2600/supp-3,Supplemental Information 3: Explainable AI Lime.,,,,0
10.1201/9781003442509-1,Unveiling the Power of Explainable AI,2024.0,Ghela; Bhagavatula; Tripathy,"Explainable, Interpretable, and Transparent AI Systems",0
10.1007/978-3-030-68640-6_8,A Proposal for a Sustainable Model of Explainable AI,2021.0,Gianfagna; Di Cecco,Explainable AI with Python,0
10.36227/techrxiv.175339404.44374664/v1,Explainable AI (XAI): Making AI Decisions Transparent and Trustworthy,,Bukhari,,0
10.36227/techrxiv.176127127.70580015/v1,Explainable AI Systems,,Chaparala,,0
10.23880/art-16000110,Transparency in AI Decision Making: A Survey of Explainable AI Methods and Applications,2024.0,R,Advances in Robotic Technology,36
10.1201/9781003333425-11,Continuous Blood Glucose Monitoring Using Explainable AI Techniques,2023.0,Lad; Joshi,Explainable AI in Healthcare,0
10.1016/c2021-0-01538-8,Explainable Deep Learning AI,2023.0,,,0
10.4337/9781800371729.00043,EXPLAINABLE AI AND RESPONSIBLE AI,2022.0,Kerrigan,Artificial Intelligence,1
10.37547/tajet/volume06issue07-11,Explainable AI In Software Engineering: Enhancing Developer-AI Collaboration,2024.0,; Shah,The American Journal of Engineering and Technology,12
10.14293/pr2199.003833.v1,How Explainable Is Explainable AI? Benchmarking Interpretation Fidelity in Deep Learning Models,,Harrison; James,,0
10.1201/9781003442509-4,Explainable AI in Distributed Denial of Service Detection,2024.0,Batchu; Mallampati; Seetha,"Explainable, Interpretable, and Transparent AI Systems",1
10.31979/etd.8nng-zb36,Explainable AI for Android Malware Detection,,Kulkarni,,0
10.1016/j.giq.2024.101965,"Explainable AI for government: Does the type of explanation matter to the accuracy, fairness, and trustworthiness of an algorithmic decision as perceived by those who are affected?",2024.0,Aoki; Tatsumi; Naruse; Maeda,Government Information Quarterly,31
10.3390/data7070093,The Role of Human Knowledge in Explainable AI,2022.0,Tocchetti; Brambilla,Data,32
10.7717/peerj-cs.3414/table-1,"Table 1: Goals of explainable AI
                      <i>vs</i>
                      trustworthiness in medical AI.",,,,0
10.1145/3593013.3594001,"Explainable AI is Dead, Long Live Explainable AI!",2023.0,Miller,2023 ACM Conference on Fairness Accountability and Transparency,144
10.1007/978-3-031-46479-9_2,Explainable Artificial Intelligence,2023.0,Pan; Mishra,Explainable AI for Cybersecurity,1
10.1007/978-3-031-12807-3_2,Fundamental Fallacies in Definitions of Explainable AI: Explainable to Whom and Why?,2023.0,O. Chergykalo; Klyushin,Intelligent Systems Reference Library,2
10.1007/978-3-030-68640-6_3,Intrinsic Explainable Models,2021.0,Gianfagna; Di Cecco,Explainable AI with Python,1
10.1201/9781003442509-7,Explainable AI and Its Usefulness in the Business World,2024.0,Sakshi; Vallabhaneni; Mamilla; Paneer; Venkatesan,"Explainable, Interpretable, and Transparent AI Systems",0
10.36934/tr2024_260,Designing Explainable AI for TinyML Systems,,Kim,,0
10.1007/978-3-031-12807-3_6,Explainable AI and Its Applications in Healthcare,2023.0,Sarkar,Intelligent Systems Reference Library,4
10.2139/ssrn.5230260,WIP: eXplainable AI Is Not Self-Explainable: Findings from Design-Based K-12 AI Education,,Pope; Kuismin; Arkko; Vartiainen; Kahila; Tedre,,1
10.21275/sr20087120519,The Age of Explainable AI: Improving Trust and Transparency in AI Models,2020.0,Mishra,International Journal of Science and Research (IJSR),2
10.51473/rcmos.v1i1.2023.1867,Explainable AI (XAI) na Detecção de Deepfakes: Transparência e Interpretação em Modelos de Visão Computacional,2023.0,Paula,RCMOS - Revista Científica Multidisciplinar O Saber,0
10.1117/12.2664001.6328672796112,,,,,0
10.70675/ce375fa8zf02dz4819zbc78z21577ea5a08b,A logical investigation of explainable AI,,; Liu,,0
10.1016/b978-0-32-396098-4.00008-9,"Explainable deep learning: concepts, methods, and new developments",2023.0,Samek,Explainable Deep Learning AI,19
10.1016/b978-0-32-396098-4.00003-x,Copyright,2023.0,,Explainable Deep Learning AI,0
10.1201/9781003220107-4,Explainable AI unlocks the potential of AI in biomedical research and practice,2024.0,Jain; Jain,Explainable Artificial Intelligence for Biomedical and  Healthcare Applications,0
10.58445/rars.3219,Human-Centered Design and Explainable AI: Building Trust in Clinical AI Systems,,Shaw,,0
10.3390/app142210413,Understanding Polymers Through Transfer Learning and Explainable AI,2024.0,Miccio,Applied Sciences,15
10.1007/978-3-031-12807-3_5,Evaluation Measures and Applications for Explainable AI,2023.0,Chopra; Kumar,Intelligent Systems Reference Library,0
10.1007/978-3-031-72410-7_2,Towards Trustworthy and Explainable AI Educational Systems,2024.0,Shafik,Information Systems Engineering and Management,19
10.1007/978-981-97-3705-5_5,Explainable AI in Disease Diagnosis,2024.0,Bedi; Thukral; Dhiman,Computational Intelligence Methods and Applications,6
10.7717/peerj-cs.2806/fig-1,Figure 1: Overview of BiLSTM-CNN methodology with explainable AI.,,,,0
10.1016/b978-0-32-396098-4.00022-3,Index,2023.0,,Explainable Deep Learning AI,0
10.2196/preprints.69985,Explainable AI Approaches in Federated Learning: Systematic Review (Preprint),,Tunduny; Shibwabo,,0
10.1016/b978-0-32-391919-7.00015-9,An overview of explainable and interpretable AI,2023.0,Lamberti,AI Assurance,13
10.1201/9781003442509-8,Fair and Explainable Systems,2024.0,Birthare; Raja; Jagannathan,"Explainable, Interpretable, and Transparent AI Systems",0
10.1016/b978-0-32-396098-4.00004-1,Contents,2023.0,,Explainable Deep Learning AI,1
10.3990/1.9789036558594,Ontology Driven Explainable AI for Tyre Engineering,2023.0,Xhani,,0
10.2139/ssrn.4900835,Explainable AI in Request-for-Quote,,Zhou,,0
10.1002/ail2.61,<scp>DARPA</scp>'s explainable<scp>AI</scp>(<scp>XAI</scp>) program: A retrospective,2021.0,Gunning; Vorm; Wang; Turek,Applied AI Letters,164
10.1049/pbpc062e_ch19,Advancements of XAI in healthcare sector,2023.0,Varaprasad; Sheela,"Explainable Artificial Intelligence (XAI): Concepts, enabling tools, technologies and applications",0
10.1201/9781003457176-17,The Role of AIoT in Reshaping the Farming Sector,2024.0,John; Cengiz,Explainable AI (XAI) for Sustainable Development,0
10.4135/9781036232832.n6,Strategy in Public Sector Organisations,2024.0,,Public Sector Management,0
10.4135/9781036232832.n3,Types of Public Sector Governance Arrangements,2024.0,,Public Sector Management,0
10.4135/9781036232832.n14,Managing Public Sector Reform and Change,2024.0,,Public Sector Management,0
10.4135/9781036232832.n4,The Public Sector: Scale and Scope,2024.0,,Public Sector Management,0
10.1145/3468264.3468547,XAI tools in the public sector: a case study on predicting combined sewer overflows,2021.0,Maltbie; Niu; Van Doren; Johnson,Proceedings of the 29th ACM Joint Meeting on European Software Engineering Conference and Symposium on the Foundations of Software Engineering,25
10.1787/888932309750,2.7. Public sector spending on infrastructure,,,,0
10.1057/9781137316240.0002,The Politics of Public Sector Reform,,,The Politics of Public Sector Reform,0
10.1017/9781009279277.006,Why Public Sector Innovation?,2024.0,,Public Sector Innovation,0
10.1057/9781137542090.0008,Public Sector R&amp;D Valuation,,,The Public Sector R&amp;D Enterprise,0
10.1017/9781009279277.009,Barriers to Public Sector Innovation,2024.0,,Public Sector Innovation,1
10.1787/650616483767,5.A2.1. Scope of public enterprise sector,,,,0
10.1017/9781009279277.002,What Is Public Sector Innovation?,2024.0,,Public Sector Innovation,0
10.1017/9781009279277.011,Outcomes of Public Sector Innovation,2024.0,,Public Sector Innovation,0
10.1017/9781009279277.012,Ethics and Public Sector Innovation,2024.0,,Public Sector Innovation,0
10.1787/732426610481,2.9. Public sector employment and average earnings,,,,0
10.1787/652526712610,"4.7. Public-sector employment: International comparisons, 2005",,,,0
10.4324/9781351128308-8,Public sector financial reporting,2018.0,Bandy,International Public Financial Management,1
10.1017/9781009279277.004,The Context of Public Sector Innovation,2024.0,,Public Sector Innovation,0
10.4324/9781003513797-3,Unions in the public sector,2024.0,Beaumont,Public Sector Industrial Relations,0
10.4324/9781003108047-7,The public sector,2021.0,Balfour,Incomes Policy and the Public Sector,0
10.23925/2178-0080.2023v25i2.59576,As ações da gestão estratégica de pessoas para a melhoria da prestação de serviços ao público no Conselho Municipal da Cidade de Xai-Xai,2023.0,Muhate; Simione; Mahaluça; Vilanculos,Revista Administração em Diálogo - RAD,0
10.1201/9781003507901-9,Explainable AI (XAI),2024.0,Phillips,Augmenting Public Relations,0
10.18356/9789213627990c005,Towards a better understanding of public sector innovation – piloting the European public sector innovation scoreboard,2021.0,,Innovation in the Public Sector,0
10.1145/3613904.3642563,Explaining It Your Way - Findings from a Co-Creative Design Workshop on Designing XAI Applications with AI End-Users from the Public Sector,2024.0,Weitz; Schlagowski; André; Männiste; George,Proceedings of the CHI Conference on Human Factors in Computing Systems,28
10.1057/9781137316240.0019,The Role of Performance Regimes in Public Sector Reform,,,The Politics of Public Sector Reform,0
10.4324/9781315098586-5,Public Sector Innovation Projects,2019.0,Chaib,The Projectification of the Public Sector,5
10.1787/650575174608,5.5. The size of the public enterprise sector,,,,0
10.1057/9781137542090.0009,Recommendations for Public Sector R&amp;D Managers,,,The Public Sector R&amp;D Enterprise,0
10.4324/9781003513797-8,Changes in public sector industrial relations?,2024.0,Beaumont,Public Sector Industrial Relations,0
10.1057/9781137461346.0006,Standard Setting in the Public Sector,,Caperchione,Public Sector Accounting and Auditing in Europe,2
10.4337/9781800376748.00012,Public sector innovation: which season of public sector reform?,2023.0,Wegrich,Handbook of Public Administration Reform,2
10.4337/9781803925615.00010,Size of the public sector,2022.0,,In-kind benefits - the service of the public sector,0
10.1057/9781137461346.0011,Public Sector Accounting and Auditing in France,,Portal,Public Sector Accounting and Auditing in Europe,0
10.4337/9781788976565.00017,A public sector knowledge production function,2020.0,,Technology Transfer and US Public Sector Innovation,0
10.4324/9781003513797-2,The environment of public sector industrial relations,2024.0,Beaumont,Public Sector Industrial Relations,0
10.1057/9781137461346.0010,Public Sector Accounting and Auditing in Finland,,Oulasvirta,Public Sector Accounting and Auditing in Europe,0
10.1201/9781003070986-3,Public sector management and tourism,2020.0,Elliott,Tourism,0
10.4324/9781003250838-2,Public sector budgeting,2023.0,Bandy,Financial Management and Accounting in the Public Sector,0
10.1080/10495142.2019.1643982,“Crisis Communication in the Public Sector”,2019.0,,Journal of Nonprofit &amp; Public Sector Marketing,0
10.1057/9781137461346.0013,Public Sector Accounting and Auditing in Greece,,Cohen,Public Sector Accounting and Auditing in Europe,1
10.4135/9781036232832.n5,Public Policy,2024.0,,Public Sector Management,0
10.4324/9781003070986-3,Public sector management and tourism,2020.0,Elliott,Tourism,0
10.1057/9781137461346.0016,Public Sector Accounting and Auditing in Portugal,,Jorge,Public Sector Accounting and Auditing in Europe,0
10.4324/9781003114925-1,The public sector,2020.0,Aulich; Nutley,Australian Handbook of Public Sector Management,2
10.1007/978-3-030-83356-5_4,Model Interpretability: Advances in Interpretable Machine Learning,2021.0,Kamath; Liu,Explainable Artificial Intelligence: An Introduction to Interpretable Machine Learning,1
10.1201/9780367816377-16,Interpretable Machine Learning,2019.0,Boehmke; Greenwell,Hands-On Machine Learning with R,13
10.1007/978-3-319-98131-4_1,Considerations for Evaluation and Generalization in Interpretable Machine Learning,2018.0,Doshi-Velez; Kim,The Springer Series on Challenges in Machine Learning,123
10.63959/chalmers.dt/5881,Interpretable machine learning applied to fusion plasmas,,Gillgren,,0
10.21203/rs.3.rs-448572/v1,Interpretable Machine Learning for Genomics,,Watson,,5
10.17760/d20409479,Interpretable machine learning for retinopathy of prematurity,,Yildiz,,0
10.12681/eadd/54468,Intrinsic interpretable machine learning frameworks for image classification,,Πιντέλας,,0
10.17760/d20467277,Interpretable machine learning for affective psychophysiology and neuroscience,,Khan,,0
10.33612/diss.175627883,Intrinsically Interpretable Machine Learning In Computer Aided Diagnosis,,; Ghosh,,0
10.70675/171a54daz808cz478az83bcz0276fd7612c3,Interpretable machine learning for CLAS12 data analysis,,; Cherrier,,0
10.17760/d20409215,"Interpretable machine learning and pattern mining via mathematical
                    optimization",,Ouyang,,0
10.55776/j4969,,,,,0
10.70675/0b35ea81zad12z457ez91dfz337aa69fadab,Interpretable Machine Learning Models via Maximum Boolean Satisfiability,,; Hu,,0
10.63227/652.299.76,Predicting Repeat Purchases in E-Commerce Using Interpretable Machine Learning,,; Bhatti,,0
10.58248/pn633,Interpretable machine learning,2020.0,; Christie,,67
10.12681/eadd/53438,Development of interpretable machine learning models to support diabetes management,,Αθανασίου,,0
10.1117/12.3007613.52d6492a-a339-ee11-a999-00505691c5e1,,,,,0
10.1021/scimeetings.5c11593,Interpretable machine learning model predicts mixed-mode chromatography behavior,,Caporale,,0
10.1117/12.3024708.bf1be374-14a3-ee11-a99d-88bed9489567,,,,,0
10.1016/j.mlwa.2023.100448,Interpretable trading pattern designed for machine learning applications,2023.0,Sokolovsky; Arnaboldi; Bacardit; Gross,Machine Learning with Applications,9
10.1007/978-3-319-98131-4_4,Learning Interpretable Rules for Multi-Label Classification,2018.0,Mencía; Fürnkranz; Hüllermeier; Rapp,The Springer Series on Challenges in Machine Learning,9
10.54499/2020.06434.bd,,,,,0
10.1016/j.mlwa.2022.100259,Deriving mapping functions to tie anthropometric measurements to body mass index via interpretable machine learning,2022.0,Naser,Machine Learning with Applications,4
10.2139/ssrn.4146556,Interpretable Machine Learning Assessment,2022.0,Han,SSRN Electronic Journal,1
10.1021/acsnano.5c02525.s002,Interpretable Machine Learning for Evaluating Nanogenerators Structural Design,,,,0
10.31390/gradschool_dissertations.5740,Interpretable and Anti-Bias Machine Learning Models for Human Event Sequence Data,,; Zhou,,0
10.1021/acsnano.5c02525.s001,Interpretable Machine Learning for Evaluating Nanogenerators Structural Design,,,,0
10.23889/suthesis.70069,Interpretable Machine Learning for Predictive Analytics with High-Fidelity Imbalanced Clinical Data,,; Ramchand,,0
10.70675/20562d5fzaef6z421aza27cza1137406e629,Introduction of high-dimensional interpretable machine learning models and their applications,,; Bussy,,0
10.1117/12.3005078.f616b657-ed2c-ee11-a999-00505691c5e1,,,,,0
10.1145/3598469.3598531,"Environmental Regulation, Smart Meter Adoption, and Carbon Emission: An Interpretable Machine Learning Approach",2023.0,Gao; Zhao; Zhang,Proceedings of the 24th Annual International Conference on Digital Government Research,3
10.2139/ssrn.5222498,A Compositional Framework for Interpretable Machine Learning,,Silva; Beatrize; Figueiredo,,0
10.5194/egusphere-egu25-2935,Ensemble machine learning for interpretable soil heat flux estimation,,Drewry; Cross,,0
10.70675/acfd6da1z8046z49d6z8c4ez2da37571763c,"Toward interpretable machine learning, with applications to large-scale industrial systems data",,; Mita,,0
10.5821/dissertation-2117-429995,Contributions on dimensionality reduction and interpretable machine learning,,; Pachón García,,0
10.70675/c638d274z701fz475cz9dc8zd27e8721eee9,Dynamic Decision Trees and Community-based Graph Embeddings : towards Interpretable Machine Learning,,; Damay,,0
10.1007/978-3-030-83356-5_3,Model Visualization Techniques and Traditional Interpretable Algorithms,2021.0,Kamath; Liu,Explainable Artificial Intelligence: An Introduction to Interpretable Machine Learning,0
10.21428/2c646de5.9e0237cb,How Interpretable Is “Interpretable” Machine Learning?,2024.0,Siu; Leahy; Mann,MIT Case Studies in Social and Ethical Responsibilities of Computing,3
10.32469/10355/88801,Interpretable spectrum machine learning methods for materials identification and heat transfer tubes failure detection,,; Wang,,0
10.21203/rs.2.20477/v2,An interpretable machine learning method for detecting novel pathogens,,Zhao; Wang,,1
10.1109/mlbdbi58171.2022.00076,Research on loan prediction based on interpretable machine learning,2022.0,Niu,"2022 4th International Conference on Machine Learning, Big Data and Business Intelligence (MLBDBI)",5
10.1021/acs.jpca.6c01508.s001,Interpretable Machine Learning of Nanoparticle Stability through Topological Layer Embeddings,,,,0
10.7287/peerj.6543v0.1/reviews/2,"Peer Review #2 of ""An interpretable machine learning model for diagnosis of Alzheimer's disease (v0.1)""",2019.0,,,0
10.1021/acs.jctc.2c01308.s001,Interpretable Graph-Network-Based Machine Learning Models via Molecular Fragmentation,,,,0
10.21203/rs.2.20477/v1,An interpretable machine learning method for detecting novel pathogens,,Zhao; Wang,,0
10.1021/acs.analchem.0c01660.s001,Single-Cell Classification Using Mass Spectrometry through Interpretable Machine Learning,,,,1
10.1021/acs.jpca.5c06950.s001,Fast and Interpretable Machine Learning Modeling of Atmospheric Molecular Clusters,,,,0
10.2139/ssrn.6568405,A Spatially Robust and Interpretable Machine Learning Framework for Rainfall Erosivity Prediction,,ince,,0
10.1021/acs.jctc.4c00639.s001,Machine Learning a Simple Interpretable Short-Range Potential for Silica,,,,0
10.1021/acs.jpcc.3c05742.s001,Interpretable Machine Learning to Discover Perovskites with High Spontaneous Polarization,,,,0
10.2139/ssrn.3668444,Conceptual Challenges for Interpretable Machine Learning,,Watson,SSRN Electronic Journal,5
10.21203/rs.3.rs-10057450/v1,Identification of ADHD-Associated Attention Patterns Using Interpretable Machine Learning Models,,Modi,,0
10.1021/acs.chemmater.2c03010.s001,Interpretable Machine Learning Enabled Inorganic Reaction Classification and Synthesis Condition Prediction,,,,0
10.1039/d3dd00009e/v2/review3,"Review for ""An interpretable machine learning framework for modelling macromolecular interaction mechanisms with nuclear magnetic resonance""",2023.0,,,0
10.32614/cran.package.interpret,interpret: Fit Interpretable Machine Learning Models,2019.0,Jenkins; Nori; Koch; Caruana,CRAN: Contributed Packages,1
10.1039/d3dd00009e/v2/review1,"Review for ""An interpretable machine learning framework for modelling macromolecular interaction mechanisms with nuclear magnetic resonance""",2023.0,,,0
10.21203/rs.3.rs-640038/v1,Detecting Financial Statement Fraud with Interpretable Machine Learning,,Liu; Ye; Ye,,6
10.2139/ssrn.4882298,Interpretable Machine Learning Model for Predicting Activist Investment Targets,,Kim; Rahwan; Benabderrahmane,,1
10.1021/acs.iecr.4c02495.s001,Predicting Heat Capacity of Molecular Fluids Using Interpretable Machine Learning Model,,,,0
10.1021/acs.jpclett.5c01616.s001,Accelerated Discovery of Refractory High-Entropy Alloys via Interpretable Machine Learning,,,,0
10.2139/ssrn.6385023,Leveraging interpretable machine learning to forecast and understand microcystin dynamics in Lake Erie,,Song,,0
10.70675/cbe05d42z641ez4356zb15azc0c21253afca,Uncertainty quantification of explicability for Machine Learning : post-selection inference over interpretable biological features,,; Villie,,0
10.1007/978-3-030-83356-5,Explainable Artificial Intelligence: An Introduction to Interpretable Machine Learning,2021.0,Kamath; Liu,,55
10.1039/d3dd00009e/v2/review2,"Review for ""An interpretable machine learning framework for modelling macromolecular interaction mechanisms with nuclear magnetic resonance""",2023.0,,,0
10.1039/d3dd00009e/v1/review1,"Review for ""An interpretable machine learning framework for modelling macromolecular interaction mechanisms with nuclear magnetic resonance""",2023.0,,,0
10.1021/acs.jctc.5c00090.s001,Learning Pairwise Interaction for Extrapolative and Interpretable Machine Learning Interatomic Potentials with Physics-Informed Neural Network,,,,0
10.26434/chemrxiv-2025-xq8v3,Beyond Prediction: Mechanistic Elucidation of Molecular Drivers for Aqueous Solubility Using Interpretable Machine Learning,,Afshari,,0
10.1007/978-3-031-24628-9_7,"Empowering Interpretable, Explainable Machine Learning Using Bayesian Network Classifiers",2023.0,Lerner,Machine Learning for Data Science Handbook,0
10.1021/scimeetings.0c00042,Extracting an empirical intermetallic hydride design principle from limited data via interpretable machine learning,,Witman,,1
10.1039/d3dd00009e/v1/review2,"Review for ""An interpretable machine learning framework for modelling macromolecular interaction mechanisms with nuclear magnetic resonance""",2023.0,,,0
10.2139/ssrn.4785680,Hug-Iml: Interpretable Machine Learning for Decision Support Using High Utility Gain Patterns,,krishnamoorthy,,1
10.26434/chemrxiv-2025-d2s45,Radical Reactivity Ratio Predictions for Copolymers with an Interpretable Machine Learning Model,,Chen; Jackson,,0
10.1101/2023.10.25.563903,Semi-automated seizure detection using interpretable machine learning models,,Antonoudiou; Basu; Maguire,,3
10.1039/d3dd00009e/v1/review3,"Review for ""An interpretable machine learning framework for modelling macromolecular interaction mechanisms with nuclear magnetic resonance""",2023.0,,,0
10.2139/ssrn.5177407,"Interpretable Machine Learning Insights into Wildfire Damage Drivers in California, USA",,Jia; Opabola,,1
10.21203/rs.3.rs-2001465/v1,Improving Clinical Trial Design Using Interpretable Machine Learning Based Approach,,Kavalci; Hartshorn,,0
10.1007/978-3-030-83356-5_6,Explainable Deep Learning,2021.0,Kamath; Liu,Explainable Artificial Intelligence: An Introduction to Interpretable Machine Learning,1
10.1039/d3dd00009e/v3/review1,"Review for ""An interpretable machine learning framework for modelling macromolecular interaction mechanisms with nuclear magnetic resonance""",2023.0,,,0
10.1021/acs.jpclett.4c03628.s002,Investigation of Surface Passivation Mechanisms in CrCoNi Alloys via Interpretable Machine Learning,,,,0
10.1021/acs.cgd.5c01644.s001,Accelerating Rational Crystal Habit Design via Interpretable Mechanism-Guided Machine Learning Framework,,,,0
10.5194/egusphere-egu26-3493,Interpretable ensemble machine learning for assessing algal bloom risk under climate warming,,Ding; Erfani,,0
10.1021/acsapm.5c01616.s001,Accelerating the Discovery of Low-Dielectric Polyimides Based on Interpretable Machine Learning,,,,0
10.5194/egusphere-egu24-21837,Urban-Rural Disparity in Disaster Resilience: Harnessing Nighttime Light Data and Interpretable Machine Learning,,Ma,,0
10.36227/techrxiv.176523266.62708203/v1,Deconstructing Victory: A Temporal Analysis of Strategic Drivers in Dota 2 using Interpretable Machine Learning,,Pathak,,0
10.36227/techrxiv.174495325.58680708/v1,Modeling Memory Retention with Ebbinghaus's Forgetting Curve and Interpretable Machine Learning on Behavioral Factors,,Yadav,,0
10.1021/acs.iecr.3c02462.s001,Interpretable Machine Learning-Based Model to Classify and Optimize Isoperibolic Batch Reactors,,,,0
10.1021/acsapm.5c01616.s002,Accelerating the Discovery of Low-Dielectric Polyimides Based on Interpretable Machine Learning,,,,0
10.1021/acs.jcim.3c00460.s002,Interpretable Machine Learning Models for Phase Prediction in Polymerization-Induced Self-Assembly,,,,0
10.2139/ssrn.6851863,The Black Box Problem in AI Guidance Systems Computational Accountability Beyond Explainability,,Akkinapragada,,0
10.2139/ssrn.6822458,Black-Box AI Agents (B2A2 ) inside Pandora's Box,,Shen,,0
10.2139/ssrn.5498098,Two-way AI Communication: Psychoanalysis of the AI black box,,Flegar,,0
10.2139/ssrn.5266967,"From Opacity to Transparency: Advancing Explainable AI Through Black-Box, White-Box, and Glass-Box Models",,Zentner,,2
10.2139/ssrn.6418019,Algorithmic Accountability and Administrative Justice: Balancing Black Box with Explainability in Anti-Money Laundering Frameworks,,Nyamuke,,0
10.1201/9781003206958-1,Opening the Black Box of AI,2022.0,Søraa,AI for Diversity,2
10.4337/9781789907513.00012,Social accountability initiatives in Egypt: unlocking the 'black box' of contextual factors,2022.0,,The State of Accountability in the Global South,0
10.2139/ssrn.5288910,Exploring Emergent AI Perception: A First-System Perspective on the AI Black Box,,Flegar,,0
10.36227/techrxiv.175943897.78364059/v1,Cyrux AI: From Black-Box Servants to Ethical Agents,,Noori,,0
10.2139/ssrn.5674505,Bridging Black-Box AI and Transparency in Stock Predictions,,Sukhavasi,,0
10.2139/ssrn.6732498,Black-Box Stewardship: AI-Assisted Proxy Voting and Fiduciary Duty,,Souther,,0
10.26481/dis.20260415lh,From black box to white coat,,Luca Mira,,0
10.70675/622ba75cz4386z48e4z934ez365c407c74d5,Post-hoc Explainable AI for Black Box Models on Tabular Data,,; Radulovic,,0
10.2139/ssrn.4519937,"Caveat Emptor de AI, from Black Box to Glass Box: Reviewing Consumer Protection against AI-Enabled Manipulation in the European Union",2024.0,Limongelli,SSRN Electronic Journal,1
10.11606/t.55.2025.tde-19062026-191116,Visualization for Explainable AI: Enhancing Trust in Black-Box Model Explanations,,Sousa,,0
10.2139/ssrn.5394669,Black Box Business:A Governance Playbook for Autonomous Ai Agents in E-Business,,Brehm,,0
10.2139/ssrn.6202659,Architectural Recklessness: Why Black Box AI Is a Corporate Crime by Design,,Thomas,,0
10.1126/article.2366911,AI detectives are cracking open the black box of deep learning,2021.0,,AAAS Articles DO Group,0
10.36227/techrxiv.176344321.17530555/v1,Graph-Based Medical Validation of Black-Box AI Clinical Decision Support,,Berns; Kirchhoff,,0
10.2139/ssrn.5161644,Beyond Black-Box AI: A Theory of Interpretable Transformers for Asset Pricing,,Fallahgoul,,0
10.1126/science.aan7059,How AI detectives are cracking open the black box of deep learning,2021.0,,AAAS Articles DO Group,17
10.2139/ssrn.5012852,Out of the (Black)Box: AI as Conditional Probability,,Chen; Didisheim; Somoza,,0
10.1038/d41586-024-01538-y,AI &amp; robotics briefing: How psychology and neuroscience crack open the AI ‘black box’,2024.0,Krämer,Nature,0
10.2139/ssrn.5286210,&lt;span&gt;First-Person/System Perspective and AI Black Box&lt;/span&gt;,,Flegar,,1
10.33196/9783704693877-106,VI. eXplainable AI (XAI),2024.0,,Machine Learning in der Verwaltung,0
10.64628/aan.sacndpgh7,Menyingkap “black box” AI di balik permainan naik turun tarif ojek online,,Putra,,0
10.2139/ssrn.6178958,Demystifying the Black Box: Responsible AI Governance Without the Jargon - Why This Conversation Matters,,Akinbo,,0
10.1007/s00146-020-01130-8,Making the black box society transparent,2021.0,Innerarity,AI &amp; SOCIETY,17
10.2139/ssrn.6168886,From Black Box to Glass Box: A Survey of Explainable AI in E-Commerce Recommendation Systems,,Sanjammagari; Sougandhika; K E,,0
10.2139/ssrn.6248545,Inside the Black Box: Generative AI Perceptions of Family Firms in Investment Decisions,,Hasso; Barbera,,0
10.2139/ssrn.6753500,Governing The Black Box: AI Liability Allocation in Data Center and Cloud Infrastructure Contracts,,Norizal,,0
10.31237/osf.io/gavf5_v1,Transforming the black-box decision-making of AI models into explain-then-answer processes,,NGUYEN,,0
10.21203/rs.3.rs-7023047/v1,Causal Fairness in Black-Box AI: A Counterfactual Auditing Framework for Deep Models,,Asif,,0
10.2139/ssrn.6536761,Alternative Data Vendors in Family Office Decision-Making: Verifiable AI Forecasting vs. Black-Box Systems,,Shkurenko,,0
10.2139/ssrn.4554614,"Need for Artificial Intelligence (Ai) to Be Explainable in Banking and Finance: Review of Ai Applications, Ai Black Box, Xai Tools and Principles",,Meena; raut; Mishra,,3
10.2139/ssrn.5096913,&lt;p&gt;Technical AI Transparency: A Legal View of the Black Box&lt;/p&gt;,,Almada,,1
10.37559/sectec/20/ai1,"The Black Box, Unlocked: Predictability and Understandability in Military AI",2020.0,; Holland Michel,,41
10.5194/egusphere-egu26-13884,From Black-Box Predictions to Trustworthy Landslide Susceptibility Mapping Using Explainable AI,,Abdelkader; Abriha; Csámer,,0
10.2307/j.ctv224tznf.68,Black Box,2021.0,,Black Box,0
10.21955/mep.1115857.1,"Behind the black box: Building fair, transparent, and accountable AI in medical education",,Eldeeb; Rathan; Malay,,0
10.2139/ssrn.6890563,From Black Box to Glass Box: Algorithmic Impression Management and the Cultural Moderation of Moral Cognition in Multinational Enterprise AI,,Okechukwu; Mohelská; Drăgoiu,,0
10.2139/ssrn.5215622,"Black Box Justice? Legal Evidence, Digital Democracy, and the Risks of AI in Hyper-Specialized Courts",,Koellner,,1
10.20944/preprints202409.1974.v1,"Bridging the Gap Between Black Box AI and Clinical Practice: Advancing Explainable AI for Trust, Ethics, and Personalized Healthcare Diagnostics",,Tuan,,5
10.1007/s00146-019-00888-w,Black-box artificial intelligence: an epistemological and critical analysis,2020.0,Carabantes,AI &amp; SOCIETY,140
10.20944/preprints202409.1974.v2,"Bridging the Gap Between Black Box AI and Clinical Practice: Advancing Explainable AI for Trust, Ethics, and Personalized Healthcare Diagnostics",,Tuan,,10
10.2139/ssrn.6968318,Opening the Biological Black Box: A Survey of Explainable and Mechanistic Interpretability Methods for AI in Biology,,Denvis,,0
10.2139/ssrn.5249771,Risk Management Rising: Towards a Risk Management Defect Framework for Fair Governance of Black-Box Ai Liability,,Duffourc,,0
10.1201/9781003442509-12,Demystifying the Black Box,2024.0,Bhagavatula; Ghela; Tripathy,"Explainable, Interpretable, and Transparent AI Systems",0
10.1145/3522664.3528602,Black-box models for non-functional properties of AI software systems,2022.0,Friesel; Spinczyk,Proceedings of the 1st International Conference on AI Engineering: Software Engineering for AI,5
10.29173/irie380,AI and Ethics: Shedding Light on the Black Box,2020.0,Ingram,The International Review of Information Ethics,4
10.2139/ssrn.5250293,"Federated Learning, Ethics, and the Double Black Box Problem in Medical AI",,Hatherley; Søgaard; Ballantyne; Pauwels,,3
10.31219/osf.io/d8nmq_v1,The Persistence Equation and the AI Black Box Problem: A Framework for Resolving Internal Model Opacity,,Giannakopoulos,,0
10.2139/ssrn.5045415,Beyond the Black Box: Unraveling the Role of Explainability in Human-AI Collaboration,,Boyaci; de Véricourt; Canyakmaz,,2
10.20944/preprints202511.2276.v1,The Black Box Problem: AI Decision-Making in Critical Infrastructure and Its Implications,,Batishchev; Saad,,0
10.1093/acrefore/9780190228637.013.1404,Transparency in Public Administration,2020.0,Erkkilä,Oxford Research Encyclopedia of Politics,29
10.1081/e-epap3-120051228,Transparency,2020.0,,"Encyclopedia of Public Administration and Public Policy, Third Edition",0
10.1007/978-3-031-55645-6_4,Proactive Transparency,2024.0,Demšar,Library of Public Policy and Public Administration,0
10.1081/e-epap3-120010719,Fiscal Transparency,2020.0,,"Encyclopedia of Public Administration and Public Policy, Third Edition",0
10.32782/1813-3401.2023.1.19,PUBLIC AUDIT AS A TOOL FOR ENSURING TRANSPARENCY OF PUBLIC ADMINISTRATION MECHANISMS,2023.0,Shestakovska,State and regions. Series: Public Administration,2
10.4324/9781003168331-13,Transparency and accountability of the Italian public administration in the context of public procurement,2021.0,Sgrò,Accountability and the Law,0
10.1007/978-3-031-55645-6_5,Transparency Challenges for Business and Privacy,2024.0,Demšar,Library of Public Policy and Public Administration,0
10.4018/979-8-3693-7452-8.ch009,"Accountability, Trust, and Transparency in AI Systems From the Perspective of Public Policy",2024.0,Agrawal,Advances in Healthcare Information Systems and Administration,18
10.1007/978-3-030-66252-3_2256,Transparency,2022.0,Ingrams,"Global Encyclopedia of Public Administration, Public Policy, and Governance",1
10.1007/978-3-031-55645-6_3,What About Transparency in Other Areas of the Public Sector?,2024.0,Demšar,Library of Public Policy and Public Administration,0
10.1007/978-3-319-20928-9_2256,Transparency,2018.0,Ingrams,"Global Encyclopedia of Public Administration, Public Policy, and Governance",0
10.1177/07349149241231103,Understanding Transparency Practices in Private Foundations,2024.0,Jung,Public Administration Quarterly,2
10.1111/puar.13137,Seeing Transparency More Clearly,2020.0,Pozen,Public Administration Review,51
10.1111/puar.13011,Gauging the Impact of Transparency Policies,2019.0,Michener,Public Administration Review,48
10.4324/9781315660516-22,Public trust and transparency in Korea,2020.0,Jung,Routledge Handbook of Korean Politics and Public Administration,1
10.4337/9781802209013.00033,Transparency of EU public administration: harbinger of legitimacy or fig leaf for its absence?,2024.0,Hillebrandt,Handbook on European Union Public Administration,1
10.1111/padm.12654,Burdens of transparency: An analysis of public sector internal auditing,2020.0,Liston‐Heyes; Juillet,Public Administration,26
10.25313/2617-572x-2021-3-7290,ALGORITHMS IN PUBLIC ADMINISTRATION: EXPLAINABILITY AND TRANSPARENCY,2018.0,; Buhai,"Electronic scientific publication ""Public Administration and National Security""",0
10.1007/978-3-319-31816-5_3594-1,NATO’s Transparency/Secrecy Policies,2018.0,Sokolova,"Global Encyclopedia of Public Administration, Public Policy, and Governance",0
10.1007/978-3-030-66252-3_2270,Fiscal and Financial Transparency,2022.0,Seiwald,"Global Encyclopedia of Public Administration, Public Policy, and Governance",0
10.1111/padm.12693,"When does transparency improve public services? Street‐level discretion, information, and targeting",2021.0,Bauhr; Carlitz,Public Administration,36
10.1007/978-3-031-55645-6,Transparency in Science and the Effects on Public Policy,2024.0,Demšar,Library of Public Policy and Public Administration,1
10.1007/978-3-030-66252-3_3594,NATO’s Transparency/Secrecy Policies,2022.0,Sokolova,"Global Encyclopedia of Public Administration, Public Policy, and Governance",0
10.1007/978-3-319-20928-9_2270,Fiscal and Financial Transparency,2018.0,Seiwald,"Global Encyclopedia of Public Administration, Public Policy, and Governance",0
10.1007/978-3-031-67900-1_8,A Framework to Evaluate the Transparency in Public e-Procurement,2024.0,Nguyen,Contributions to Public Administration and Public Policy,1
10.37808/paq.45.1.3,When Government Transparency Risks Reinforcing Racist Stereotypes and Residential Segregation,2021.0,Craemer,Public Administration Quarterly,0
10.1111/padm.12553,Dynamic transparency: An audit of Mexico's Freedom of Information Act,2019.0,Lagunes; Pocasangre,Public Administration,36
10.1515/9783111250182-011,Chapter 10 Transparency,2024.0,,From Trustworthy AI Principles to Public Procurement Practices,0
10.7176/ppar/9-2-06,Assessing the Transparency Practices in Public Bidding of Philippine Rice Research Institute in the Philippines,2019.0,,Public Policy and Administration Research,1
10.2139/ssrn.5268741,Transparency and Public Communication Foster Trust in AI Companies *,,Prissé; Mussagulova; Ho,,0
10.22394/2070-8378-2022-24-2-80-87,Artificial intelligence in public administration and its transparency:  European experience,2022.0,; CHERESHNEVA,Public Administration,3
10.46540/8091-00025b,,,,,0
10.1177/0019556118783098,"Independent Regulatory Authorities: Analysing Accountability, Responsibility and Transparency",2018.0,Tripathi,Indian Journal of Public Administration,0
10.1007/978-3-031-55645-6_1,Introduction,2024.0,Demšar,Library of Public Policy and Public Administration,0
