id,instituicao,registro,sentimento,texto
R01,MDIC,Racionalizacao,Negativo,"A proliferação de exigências acessórias na esfera aduaneira federal encarece sobremaneira a conformidade operacional de pequenos importadores, restando inviável o controle meramente documental sem coordenação central."
R02,MDIC,Racionalizacao,Negativo,"O excesso de certidões redundantes exigido para a qualificação de fornecedores nos editais municipais cria barreiras desproporcionais de entrada, asfixiando os pequenos proponentes de software."
R03,MDIC,Racionalizacao,Neutro,A desoneração tributária sobre a folha de pagamento de empresas de base tecnológica requer a contrapartida de metas contratuais objetivas junto aos órgãos de fomento industrial.
R04,MDIC,Racionalizacao,Positivo,A unificação cadastral ex-ante promovida pela nova regulamentação de compras simplifica a verificação de regularidade fiscal e reduz o tempo de instrução processual para dez dias.
R05,MDIC,Racionalizacao,Positivo,"A adoção de guias padronizadas de contratação tecnológica alinha as diretrizes da administração federal com o marco das startups, conferindo segurança processual."
R06,MDIC,Racionalizacao,Neutro,A eliminação de taxas municipais para a abertura de novos estabelecimentos inovadores integra a agenda de simplificação de negócios do ministério.
R07,MDIC,Racionalizacao,Negativo,A sobreposição de competências fiscalizadoras entre agências federais e controladorias municipais gera um ambiente de profunda paralisia regulatória para o investimento direto.
R08,MDIC,Infraestrutura,Negativo,"A precariedade dos terminais portuários da região Sudeste gera congestionamentos recorrentes, elevando os custos de frete em cerca de trinta e cinco por cento para os exportadores nacionais."
R09,MDIC,Infraestrutura,Negativo,A ausência de ferrovias integradoras ligando as bacias de produção agrícola aos portos exportadores impõe uma dependência ineficiente do modal rodoviário no transporte de cargas pesadas.
R10,MDIC,Infraestrutura,Neutro,O plano nacional de logística integrada visa reequilibrar a matriz de transportes do país nos próximos dez anos mediante leilões de concessão de ferrovias.
R11,MDIC,Infraestrutura,Positivo,A expansão das redes de telecomunicação 5G nas rodovias concessionadas viabiliza o rastreamento em tempo real e eleva a segurança das cargas de alto valor.
R12,MDIC,Infraestrutura,Neutro,"A dragagem de aprofundamento do canal de acesso portuário permitirá a atracação de navios de grande porte de última geração, ampliando a capacidade de movimentação física."
R13,MDIC,Automacao_Inteligente,Positivo,"A implementação de inteligência artificial na triagem aduaneira automatiza a identificação de cargas de baixo risco, agilizando o fluxo de desembaraço físico."
R14,MDIC,Automacao_Inteligente,Positivo,"O emprego de sistemas algorítmicos no monitoramento de preços de insumos industriais subsidia decisões de tarifas externas comuns, prevenindo distorções artificiais de mercado."
R15,MDIC,Automacao_Inteligente,Neutro,O mapeamento digital de fornecedores locais por meio de plataformas web constitui a base para os programas federais de adensamento de cadeias produtivas inovadoras.
R16,MDIC,Automacao_Inteligente,Negativo,A falta de integração entre as bases de dados tributárias dos estados e a plataforma de notas fiscais eletrônicas impede a automação das rotinas de compensação tributária ex-ante.
R17,MDIC,Capital_Humano,Neutro,A requalificação de servidores públicos envolvidos na gestão de contratos complexos é meta permanente no planejamento estratégico de desenvolvimento setorial.
R18,MDIC,Capital_Humano,Negativo,A escassez crônica de analistas de comércio exterior com formação avançada em mineração de dados limita a capacidade de monitoramento das importações subsidiadas.
R19,MDIC,Capital_Humano,Positivo,O programa nacional de formação em engenharia de manufatura digital capacita técnicos para operarem as novas plantas automatizadas da zona franca.
R20,MDIC,Capital_Humano,Neutro,A certificação internacional de gestores de compras governamentais contribui para a elevação do compliance ético nas contratações municipais de TI.
R21,ABDI,Racionalizacao,Negativo,"As exigências cartoriais e a morosidade na concessão de patentes pelo órgão regulador asfixiam as startups de base tecnológica, forçando a internacionalização precoce dos ativos intelectuais."
R22,ABDI,Racionalizacao,Positivo,O novo sandbox regulatório estadual permite o teste em ambiente real de soluções GovTech sem as amarras burocráticas da antiga lei de licitações analógica.
R23,ABDI,Racionalizacao,Neutro,A padronização jurídica dos contratos de compartilhamento tecnológico entre ICTs públicas e empresas privadas minimiza os riscos de responsabilização pessoal do gestor.
R24,ABDI,Racionalizacao,Negativo,"A rigidez regulatória na aceitação de novos modelos de precificação de software, como o pagamento por uso, impede as prefeituras de utilizarem soluções de inteligência artificial baratas."
R25,ABDI,Infraestrutura,Negativo,A deficiência de conectividade física de banda larga nos polos industriais interiorizados restringe a adoção de tecnologias de manufatura avançada e inteligência das coisas.
R26,ABDI,Infraestrutura,Neutro,O fomento à rede de fibra óptica regional por meio de parcerias com cooperativas locais visa dotar as pequenas fábricas de canais integrados de dados.
R27,ABDI,Infraestrutura,Positivo,A criação de distritos tecnológicos dotados de fontes de energia limpa e conexões dedicadas atrai startups globais de inteligência artificial de alto impacto econômico.
R28,ABDI,Automacao_Inteligente,Positivo,"O Copiloto Algorítmico ex-ante traduz a jurisprudência de controle em modelos preditivos de conformidade, reduzindo em oitenta por cento as impugnações de editais de tecnologia."
R29,ABDI,Automacao_Inteligente,Positivo,"A automatização inteligente de minutas contratuais por prefeituras elimina erros materiais recorrentes, blindando a caneta do prefeito e reduzindo a latência administrativa para cinco dias."
R30,ABDI,Automacao_Inteligente,Positivo,A plataforma algorítmica de compras públicas conecta as dores operacionais das prefeituras com as soluções catalogadas das startups GovTechs homologadas.
R31,ABDI,Automacao_Inteligente,Negativo,A ausência de modelos inteligentes de simulação de compras impede os municípios de testarem o impacto orçamentário ex-ante de contratações tecnológicas de grande complexidade.
R32,ABDI,Automacao_Inteligente,Positivo,O emprego de algoritmos generativos na escrita jurídica ex-ante de editais de inovação simplifica os requisitos de conformidade documental ex-ante.
R33,ABDI,Automacao_Inteligente,Neutro,A auditoria automatizada de editais de tecnologia por meio de algoritmos de processamento de linguagem natural analisa a presença de termos restritivos no PNCP.
R34,ABDI,Capital_Humano,Neutro,A capacitação de equipes de TI governamentais em arquitetura de microsserviços e segurança de dados constitui pré-requisito para os novos projetos de transformação governamental.
R35,ABDI,Capital_Humano,Negativo,O apagão de profissionais formados em ciência de dados e engenharia de inteligência artificial no mercado nacional asfixia os planos de expansão das startups públicas.
R36,ABDI,Capital_Humano,Positivo,O intercâmbio de servidores municipais em incubadoras de inovação transfere competências ágeis de gestão e acelera a adoção local do marco das GovTechs.
R37,ABDI,Capital_Humano,Neutro,O treinamento de fiscais de contratos na fiscalização de metas tecnológicas reduz os atritos operacionais e a morosidade de liquidação financeira ex-post.
R38,ABDI,Capital_Humano,Negativo,A resistência corporativa interna de servidores antigos da área de tecnologia à automação inteligente decorre do receio de perda de controle e obsolescência profissional.
R39,Comite_Custo_Brasil,Racionalizacao,Negativo,"A elevada burocracia de licenciamento ambiental e a morosidade dos órgãos de controle geram atritos insuperáveis, elevando o tempo de implantação de indústrias para dezoito meses."
R40,Comite_Custo_Brasil,Racionalizacao,Negativo,"O contencioso administrativo tributário brasileiro atinge volumes recordes, asfixiando os fluxos financeiros de empresas médias pela morosidade das decisões processuais."
R41,Comite_Custo_Brasil,Racionalizacao,Positivo,A unificação de cadastros tributários interestaduais reduz o tempo gasto na emissão de guias fiscais e gera economia anual estimada em cinco bilhões de reais.
R42,Comite_Custo_Brasil,Racionalizacao,Neutro,A simplificação da legislação cambial facilita a remessa de royalties por transferência de tecnologia externa entre multinacionais e subsidiárias nacionais.
R43,Comite_Custo_Brasil,Infraestrutura,Negativo,A ineficiência do modal de transporte rodoviário encarece em quarenta por cento a logística de exportação em relação aos concorrentes diretos no mercado internacional.
R44,Comite_Custo_Brasil,Infraestrutura,Negativo,"A obsolescência das redes elétricas de distribuição industrial no interior gera quedas recorrentes, danificando equipamentos sensíveis de automação industrial de precisão."
R45,Comite_Custo_Brasil,Infraestrutura,Neutro,A agenda transversal prevê leilões integrados de modais rodoferroviários para escoamento de grãos e manufaturados da região Centro-Oeste.
R46,Comite_Custo_Brasil,Automacao_Inteligente,Positivo,"A inteligência artificial ex-ante na validação fiscal previne o contencioso tributário e simplifica a fiscalização, reduzindo os custos de transação do setor público."
R47,Comite_Custo_Brasil,Automacao_Inteligente,Neutro,O monitoramento algorítmico do tempo de liberação aduaneira nas fronteiras físicas fornece dados estruturados para a calibração de políticas industriais transversais.
R48,Comite_Custo_Brasil,Automacao_Inteligente,Negativo,A ausência de sistemas automatizados de acompanhamento orçamentário central impede a detecção tempestiva de ineficiências na execução de investimentos em rodovias.
R49,Comite_Custo_Brasil,Capital_Humano,Neutro,A capacitação transversal de auditores de controle externo visa harmonizar a interpretação legal de contratos de tecnologia e inovação pública.
R50,Comite_Custo_Brasil,Capital_Humano,Negativo,A escassez crônica de gestores públicos capacitados na elaboração de termos de referência para contratação de IA gera editais eivados de vícios processuais.
